"people_in","discount","sales"
43.0168131133541,0.233198098859279,460.832301219858
14.7634200169705,0.266486867952672,197.779605421179
37.8332471824251,0.18343464535357,401.693150461458
49.8023885535076,0.417860657064717,571.759865933213
45.3043197048828,0.228619131148654,490.731387495958
14.780319458805,0.0854282137879378,164.119285675952
38.3922724868171,0.0173616502810573,392.257834056221
14.0160859329626,0.052727536741681,150.731392122478
25.8575233747251,0.0995131246760541,275.644950698471
6.3859200454317,0.0187417829875374,66.671845621707
35.1080798078328,0.0824051640780655,368.624511252524
0.659887155052274,0.143516392505969,32.3027365478736
20.1820123940706,0.0225406920197609,200.017196625198
45.4908567946404,0.0304526190148317,477.608682827128
15.8439868013375,0.138252967248653,183.364156888562
31.9318709080108,0.172232696789004,345.774035016389
3.17668403731659,0.240414322237706,75.4199895250678
8.06717716623098,0.582138039988735,184.963966669213
48.2069144840352,0.166313189037461,519.925327844129
25.0735815498047,0.0643954370318393,262.729494334189
24.8366621206515,0.23416773056198,278.994581649345
49.2454919032753,0.100863570483621,505.237750393545
18.117241258733,0.0359935298189205,184.816965119261
26.3417324749753,0.172054735288889,296.125727976025
1.88483982346952,0.130256034620437,42.6374624432816
12.6437948318198,0.0652793233523266,139.469416545171
43.9451834186912,0.189600674398808,479.097488323236
25.5924344412051,0.317411511118722,315.655176844553
11.4905654801987,0.166782494719413,143.873573899928
10.6639666599222,0.0432593634553561,115.802643615457
9.19183744117618,0.222636978168506,134.442553592178
2.58780206786469,0.0357251201207983,32.3848857864531
45.8185630152002,0.0706762122342592,459.473102938122
19.9288205592893,0.225277955633393,241.379774619708
6.47881464101374,0.0750269874497756,75.1771890369344
45.2760236803442,0.240618149514583,477.576415181392
49.6662342571653,0.190207422019819,504.12742852967
39.0778573229909,0.194974518344219,420.800525757824
20.3127583139576,0.266072719617543,250.223719169337
41.0814773291349,0.53400344489772,496.638408889039
40.1546260574833,0.206978421427924,443.638549808641
4.06992464559153,0.233702076908696,83.5862832353029
15.9048780216835,0.143617776388907,183.241717893081
8.3784471382387,0.0228287055496166,90.8854901702587
29.3388871359639,0.0877225333291755,302.996662026571
26.48329193471,0.199596187420892,307.000174786308
3.32776467548683,0.105300981266832,52.19188714582
16.5566035779193,0.355962115678129,230.292507124678
25.5295994575135,0.00347391656481414,253.712013676273
40.8802781486884,0.361859217627329,467.71612119003
35.7293587643653,0.174255348020503,386.573032968414
0.849413848482072,0.0426181963139464,16.3100069803465
0.819551874883473,0.0933712137529131,25.2875909502891
42.6701036165468,0.126922962387849,452.772004984539
9.46886318270117,0.192826946826105,127.407463707088
6.69366382062435,0.273416912603887,114.50550152085
49.2060811491683,0.393129867181904,563.244713297395
44.5986019331031,0.337963097285148,508.047254644717
46.1720504332334,0.0975241522460634,495.991160084384
3.020316187758,0.0621981625555235,40.5874992136651
17.0470916549675,0.10806786124353,193.073092824245
2.44407586287707,0.0402013130661971,32.2909274609339
28.4097124938853,0.372341621512271,357.23743882058
13.8237915467471,0.0137836056826688,140.491497270524
25.0404454418458,0.113494772341854,276.011986966517
30.6542268255726,0.37435132964416,381.771889616446
32.0328957983293,0.251997287164778,350.322021703227
18.9184555667453,0.0727744818565964,199.569452559304
18.1393437669612,0.179558321940268,210.424500968475
15.5051130335778,0.00691914872821187,153.162063976668
23.0000941082835,0.202654127585015,269.720075979262
3.93094419268891,0.259121645631368,85.1867485436068
37.0291325962171,0.272058035423485,423.15637598673
24.7626289492473,0.192013596072406,278.503650151865
40.2093349024653,0.0157053224397438,417.634048479766
15.7855549012311,0.123061608854166,177.510808949883
26.4061878900975,0.0314866580297847,269.098432551382
11.1105202231556,0.118629069565355,133.20741967342
6.42302348278463,0.219959358415806,104.825160364738
26.4408296439797,0.214117006609676,295.351286484185
36.0462585580535,0.0872620666146177,386.714854469106
21.0273237433285,0.160434698395737,240.777275161724
44.5070679183118,0.527712589180806,527.026071851736
17.1623925329186,0.687931115949912,299.439997770639
6.42270960379392,0.248003688258009,109.240161912912
24.8062177095562,0.0482255524339091,256.174386509031
42.0875923126005,0.0826051484217773,440.484944735781
13.7654381571338,0.121636278629337,158.33207331417
36.042547528632,0.173543633674554,392.837802476543
7.49281531898305,0.131577196700141,95.7683020776471
22.6813406916335,0.045583820819067,226.644001978105
45.9746364038438,0.281401243636949,495.754225088474
42.151159083005,0.0301838019235093,415.911953846749
48.3648406923749,0.0966420952783079,506.770316655892
47.2259330563247,0.00707870240790279,478.829054263562
6.1790402745828,0.0639736990826132,72.9461893082406
0.596483994740993,0.0738629707151106,19.3496442997097
45.7214191555977,0.0593530004225441,459.241376509927
17.5278852810152,0.333300429741589,228.043926401942
26.121925143525,0.240755215985517,300.66112578822
23.8241286948323,0.233829234929642,284.473459106707
40.6999926199205,0.207979243393308,450.850623660669
36.0672066337429,0.0102056435940339,356.056585500017
13.2320119533688,0.329473183100599,190.631780362899
11.1439232714474,0.0617020731213872,122.135766374439
16.7613135068677,0.0831654474081004,184.08113525584
29.4258849462494,0.0774329261166683,320.372492464028
40.5087176710367,0.0349622431449465,415.068750953979
21.6957119526342,0.111379170543598,239.17946011759
46.5232645394281,0.0610568770951423,474.965073875502
0.581276032608002,0.174996294914449,37.1474738247732
25.3344240714796,0.0433946961276471,264.332369258657
40.6832240638323,0.0467162706469064,410.312737760644
5.0180837046355,0.221023887268682,89.4587750064694
16.5244522853754,0.335567438466282,220.394094859612
34.1475965455174,0.334758027746113,389.485024527486
7.1030922816135,0.0396078141817795,80.6992028044591
39.4159786053933,0.24845229058009,428.539955684771
35.5239541153423,0.235971161816549,399.214026998949
23.1601537321694,0.131271958658812,246.663972769227
31.868147791829,0.0369459522922857,315.297522855597
40.2199674397707,0.0253626872743958,406.569756592484
16.5817380184308,0.191850235244988,207.358177670922
39.080276072491,0.116577173354516,426.200402815272
20.4655740410089,0.144139915230281,232.158692345667
49.8532782075927,0.0219287126654605,513.332439159117
26.0916842496954,0.0400533421707094,276.165245569905
26.7704342026263,0.0238650017007107,276.134752134854
43.4250922175124,0.289992921901438,483.235355807054
2.09400744643062,0.0507709257501512,29.8912683220278
44.4927058182657,0.0730961743878316,459.167383471822
10.4443311342038,0.360179693583165,169.959563341072
21.8499844660982,0.562266055420082,316.822978393042
29.6103823464364,0.0190266158928428,303.418250362252
47.8653413942084,0.0821058289236037,484.458634350456
36.8835069006309,0.310949260274551,425.443123898125
24.4021438411437,0.054167761559025,252.424235086924
35.9704797156155,0.219415081204032,403.100302821306
36.7323410697281,0.434444237712699,447.106697428191
19.8238399112597,0.277312302073373,251.821187364216
16.5540687041357,0.0553774007001334,170.946881267209
8.00601145019755,0.0229519989499301,82.9036161734914
44.2875243490562,0.825290886330382,589.576040127458
38.8090286287479,0.0611147708190097,398.248035767146
19.5120404474437,0.174842798207689,225.963872159613
27.9207409825176,0.0892258294596668,288.297301122706
43.946585431695,0.568563092564831,534.341400198846
8.30003940500319,0.206361238253879,118.370278058872
25.1781420316547,0.3018550564234,309.576370990884
31.0722687281668,0.0605931166492055,322.823740956115
13.5540760704316,0.0728019472446304,149.291857482914
22.153918526601,0.18448553351121,254.990161040474
20.0179194798693,0.151215713997033,223.973980445961
24.9072686769068,0.0147635147803761,249.98694577004
33.5834355675615,0.0808611198107492,348.53085071487
1.64813866140321,0.0845691940785185,31.660006541293
40.2353270445019,0.170984476957782,434.828008484568
27.5213451473974,0.310804060662501,328.019416989864
18.9366888487712,0.122238342173608,213.03576564786
0.604572670999914,0.325861565719104,64.6919365795146
10.3744785883464,0.22730967779908,148.640647111528
40.9957589115947,0.503648774086808,508.970222039567
5.00847426010296,0.0326098801892443,53.49066682413
12.3148225131445,0.0036369535645155,123.910830378419
17.7594046108425,0.0550684215455765,183.729829344274
45.3131223563105,0.0886541569945725,469.521366641138
7.53755867481232,0.053010453219892,83.0352787353035
47.5390870007686,0.173307649909057,515.519124061127
23.5436116228811,0.000474232055557575,235.247432292747
30.1298764185049,0.267032286980551,338.71479545942
31.1695359880105,0.343566369385639,375.641663322883
49.6818650281057,0.0386552662231292,504.333594528543
25.8243462187238,0.0170089549973369,275.433634978136
14.1815316979773,0.4160158744797,216.762301657737
18.0286266026087,0.0246888045397473,182.879365978382
49.8486851691268,0.046734761741778,505.823235257373
46.124140988104,0.225109047345608,535.170015032232
33.8451666058972,0.0481863192383347,347.001059014091
34.4270377070643,0.273780413403846,389.970546193832
15.3094793786295,0.218956467217996,191.040780235121
47.5648992462084,0.06215920727508,491.067383843408
14.0521875116974,0.461780097820552,227.686846068048
6.52826599543914,0.151548874962412,93.083952396227
11.920074489899,0.0101065825984034,119.99474315751
25.6393856718205,0.190581927098527,291.291136950815
23.8620918244123,0.606417788592961,349.989919210818
31.6514652455226,0.0840373715271941,321.1633671602
5.97745107952505,0.650968340808655,177.279987729043
6.33675240678713,0.0436199334541574,73.0313883838147
36.6085849353112,0.102392468198943,382.608045208095
46.742419374641,0.377185498614223,527.652816228861
43.1448011426255,0.112260826068023,452.410355502628
9.98616886790842,0.183800496952059,133.666094279828
44.1316511132754,0.131879449430577,482.070355652893
20.1333512901329,0.420118625196825,274.444172290064
2.08738875808194,0.0970912194894956,38.6447483733762
36.076608102303,0.191346262391207,403.1610446267
11.1043935525231,0.0343748852990492,114.128259224014
23.6931979772635,0.0796079049618009,243.255578826715
5.1862646243535,0.161467481731798,81.1392177625818
10.976596060209,0.159419660435263,140.064498466558
9.41121311625466,0.31024004382295,147.624464639514
31.0186889022589,0.0191687607992771,323.38259717494
0.153345568105578,0.243633760914805,45.4184563310302
0.0515503925271332,0.278097476945902,50.5650774039779
16.783933294937,0.0495873071237654,180.094425849663
14.1974865458906,0.173083375240348,174.876241703435
26.7094067181461,0.00116552018500814,274.282272633673
31.847555434797,0.476208339922835,403.431375620556
29.6463671489619,0.0144006762451539,309.362010188435
6.76952389767393,0.523238212815134,161.990352864279
41.75542476587,0.0126575032678335,411.8492010058
17.5998151418753,0.127988877922974,195.55053664738
25.9037037496455,0.0882211239885156,279.161715428999
16.1565407412127,0.000539677471192336,163.524466757965
41.3062859792262,0.0447128302200628,411.539613880716
38.7424709508196,0.130787445327429,413.12409734288
36.9291672366671,0.0502295853478288,379.75522886893
36.558773892466,0.609671847299471,469.704957227794
39.2523517250083,0.0444747972011568,392.404325917873
30.7768658734858,0.0521628948856645,316.533462078129
27.4413853650913,0.0813756674548998,290.904585615448
3.27448783209547,0.054945686984865,42.662907132755
44.4063271977939,0.0488710588377647,438.094780220719
16.5161463664845,0.460605145188653,251.846009902996
45.3482305281796,0.406610150138106,531.77421271396
28.7016456364654,0.45765309076837,370.351749465195
29.0807969286107,0.0930800395322521,310.257585230321
12.8753215656616,0.05688116956529,138.252300480366
21.6495824395679,0.0888370953520646,236.167162454495
40.4223067336716,0.0555927305432628,407.442458874495
48.150368896313,0.17207066555442,516.25472128771
0.759665726218373,0.0293842128498482,12.9541013728608
26.2143931468017,0.0525466959527629,272.68801781992
16.1141211749054,0.039416195233515,162.874115732866
10.2001273073256,0.0958180531240551,119.08926909542
33.1218206207268,0.221078188026343,370.631150911906
18.586660339497,0.439989421910913,267.335884264005
19.0644259564579,0.0810751714375021,207.292375261682
35.9255277086049,0.192304104663733,394.676739251755
46.5287203434855,0.00757365917377275,467.40638053837
5.14773123431951,0.136051376407364,76.1182725623929
20.1430843328126,0.211882815425171,235.554055629933
5.30750264879316,0.373088061124356,120.71683103524
30.2197084878571,0.0257735998854547,308.634811913046
28.2116717309691,0.222249305708056,314.735127057197
19.1275701741688,0.061177981397406,197.989946800843
28.4151253756136,0.244638132306988,327.900694253534
3.39285297086462,0.206928372849384,70.853731785274
1.16826384328306,0.381370154112702,80.3278231062905
5.73556183371693,0.202971854639472,92.0397266845036
24.1478021955118,0.209365160189652,281.502503552158
17.5152613781393,0.182993062395908,210.704456108134
33.7691101944074,0.0610093312794858,348.965980503509
47.730999183841,0.189499988856283,512.795685425696
47.9506038012914,0.137596016918861,505.891575667346
21.8311446835287,0.0441198570491151,226.027015570274
0.0243947724811733,0.21414938558423,38.7878709299884
0.506837933789939,0.128397795407089,28.1445392282301
41.5508649428375,0.11986772065786,430.090975671815
13.1653536809608,0.420448530271396,206.111279834753
26.6823395621032,0.35074713700259,316.054466732032
23.3587997616269,0.13891413521961,261.988412160791
37.4783841311,0.222059465235184,419.213350176059
32.2144701611251,0.249699745437129,360.848979834239
11.9706767960452,0.160928010276786,149.006161825365
22.5144116790034,0.459263942954615,315.118321842828
17.572825809475,0.293662026627016,234.392257394425
23.0299767106771,0.0562988285912825,243.068964195275
40.4209790285677,0.0885291826675898,421.837303487289
1.5046504791826,0.468843597178395,99.7616064835497
29.5452399877831,0.0819695997276911,307.333569155141
23.8066582242027,0.573025580531015,338.496669169103
16.4859486045316,0.0674698852778054,172.405808929728
47.7754172054119,0.258271297109339,536.033681696892
40.6193333445117,0.216106613571694,450.126581545752
44.7696738759987,0.0896121679733324,473.369620814559
0.33284742385149,0.0847155924764958,18.535441695108
11.9706577737816,0.38091278839616,188.427487079114
15.3505086549558,0.016948614682196,156.338095133942
32.9684040043503,0.163850850801948,352.200888653216
15.382445580326,0.159676099260795,180.593965274573
35.0480137742124,0.108266493237159,370.343111419958
17.1602903166786,0.132910869894006,199.387153186877
10.4449662030675,0.155421531669333,130.903766571924
2.33909310773015,0.055640827204509,32.8707509415867
26.9029941293411,0.0182154415554465,276.980422977535
22.0312897698022,0.0310389930152087,231.920356224807
2.26677564205602,0.383435645745127,92.0876438755489
43.0481755058281,0.438977078261388,507.761107795189
40.5758493114263,0.174901458264076,438.289432014508
37.545712699648,0.0764974293399596,392.488415203517
12.494631507434,0.0262666244992104,128.97577219561
34.4022102071904,0.11556169734116,366.845638652448
13.7826777528971,0.128834386079141,156.693106158717
40.6709306058474,0.34273981865316,474.456872793966
18.999864847865,0.011256486508163,195.519946825978
36.9749172008596,0.15982771928139,398.917776558335
17.6934116403572,0.265484890547962,222.697386232938
42.3463247483596,0.27326940112654,475.239236769009
10.48262945842,0.0779228358265696,122.195426792633
14.7475277190097,0.106130985420194,164.724686512894
35.5864746496081,0.0486921956538934,365.941605503189
27.9665982583538,0.126502906907194,298.15178896746
17.7830042899586,0.0485106496902606,192.769028515943
18.7157453852706,0.0504890269457623,199.590958987799
0.252839794848114,0.058468382347087,13.0277979721377
10.2160756243393,0.376262144069874,169.790523863671
43.0890834075399,0.311055799684008,492.353240265529
16.7876534047537,0.0788747230223099,185.69865916219
19.9548839242198,0.235403392974929,239.57705234653
27.7920829597861,0.08113349951541,301.264165064641
4.71700652269647,0.128680103443003,71.1329643033186
13.264395261649,0.204457293103149,169.827974586529
22.8979959851131,0.083131325881785,247.118560638462
13.6598360259086,0.311766725502312,189.737042881
16.2289823871106,0.0363773991524441,168.942241452162
46.6047103516757,0.00939724791219145,438.984263759835
24.6214108890854,0.524639299353938,345.265219480484
8.03985706297681,0.475139308348226,165.011430205842
40.9493328887038,0.204045906561754,451.315039996492
29.944654321298,0.491585190626998,396.727360098294
29.258155124262,0.0122957142489143,290.466929279181
5.29464313294739,0.203027941742537,90.1672486426804
33.7399774696678,0.268817821800233,386.832332620956
4.03308670502156,0.177625941368678,72.5477497718116
25.5236267927103,0.326274561296491,308.472915823647
25.5054277484305,0.470507208083478,337.18933009074
41.3841675384901,0.210684291312203,449.523359637315
7.4396722135134,0.373417678116344,142.389021037209
7.80429665464908,0.36783790033879,142.679939596511
20.617149269674,0.0556402353223349,218.384107043871
17.7823495469056,0.0882437063700823,196.905337092774
49.5163581217639,0.0766783237860229,532.861078981482
21.89861536026,0.097511995528363,229.346979843905
27.9365274473093,0.034267597179428,286.088333210368
40.2747448766604,0.188412457473447,427.20191383865
34.869488934055,0.104250611669022,361.812837719315
41.7170551139861,0.0972618368210403,433.958197639883
17.6070183049887,0.113108694481354,193.785339907931
17.5686106202193,0.286132252786383,221.726337640511
28.2658839365467,0.00873997863648345,288.022322230098
14.2731914296746,0.0724841198005527,158.099223023136
25.639255088754,0.256760262544666,308.810584296738
34.1914384975098,0.00583065291959893,352.703613954442
24.8471925850026,0.152846211710234,274.26081912636
0.581989344209433,0.174180395799757,37.4438841210074
32.3571827611886,0.0325382326516741,315.633929652612
9.58643447374925,0.302979910905048,152.489353231638
10.8229253557511,0.360141074254989,173.210540836463
6.81646845769137,0.0577131385627936,78.2785943262343
48.0813255533576,0.333492407444753,548.850687936728
0.187362066935748,0.452455719055052,83.3047630850251
9.43010370247066,0.373775367859614,164.55956853415
29.2659722152166,0.239973292896859,338.971699787014
33.7956950301304,0.257363536214086,389.017340436661
33.7608277914114,0.0548218984888104,359.319162088875
36.0936845303513,0.240483417303394,408.791037447156
39.2528589582071,0.00436820280842434,400.842199648764
17.1471592620946,0.143152447214058,196.986768428681
3.89738907106221,0.0447331165272152,45.8029524673041
20.961261971388,0.0541521956686989,222.820391364174
36.4602164248936,0.179856580769681,385.958260821678
4.27036940818653,0.207194200481755,81.1694023603449
7.50279048224911,0.250969704826438,119.625869360438
45.4164149239659,0.0262211176750379,463.257922388532
29.8186824657023,0.226811729276563,337.446350803013
21.9533849391155,0.192587681080637,256.073352172616
32.1211881469935,0.421692590713709,388.251119583131
40.6606520991772,0.248895726799308,462.737527952634
18.1391094345599,0.512117945473262,272.562161139626
10.9531394089572,0.147494236837197,136.502411114487
34.7535461187363,0.535661565537679,445.819810287193
23.1733354623429,0.045873842296483,241.131184372995
42.9121465422213,0.00190088494436514,428.967336736419
26.4240895048715,0.212356293269126,305.384833363098
21.652744919993,0.192837310278209,251.446932480889
37.8689243923873,0.163984246672895,407.880116072544
4.69394283136353,0.11008815205909,66.4744827772809
17.7302922587842,0.0541358629467113,185.963958709192
24.5817145565525,0.627430631367683,363.520012003933
25.4787292098626,0.00576331819381387,255.247325832984
47.1587431966327,0.304462805883929,534.711736944438
9.2449773917906,0.0131982286300137,97.1139915052645
14.7070258157328,0.0115098786390766,148.295150181671
8.05300727952272,0.0490041167606826,90.4382946788479
25.9544225526042,0.308820587113059,318.407731805099
28.1622873269953,0.159996934037337,314.189466656438
25.6266666459851,0.109775442594888,276.169025778165
16.0965649993159,0.434773438982307,238.325645868613
42.3126203124411,0.276804146452448,467.209964570549
36.1183423665352,0.363308755591705,418.82038415921
46.5983237721957,0.220282357583937,507.184395907741
39.0332216280513,0.12973416732388,407.850773813759
26.5203604009002,0.00959012738182876,273.284746885624
19.6494772448204,0.415342119700007,269.853579826855
1.67255202541128,0.0582168009289272,26.9516121786492
46.066769072786,0.0745956273662429,461.350262493397
17.5259175943211,0.261944778612755,221.939250681013
21.2150081526488,0.0444083639495284,223.965872339505
48.722707061097,0.15823791968759,524.327183572316
19.3104658392258,0.0537447113336174,202.203138028215
32.4358000070788,0.297513709945593,374.794556034848
12.029831961263,0.0521280964524029,130.825842528657
34.8833751515485,0.137353192267581,371.26299872092
17.8085094084963,0.107621637523637,204.393555984516
40.7123874640092,0.513689565915708,513.898695344653
45.5337145831436,0.0234207272056244,463.591163820999
31.8740541581064,0.288504605732688,376.427514394063
43.3083449839614,0.0967277354082548,457.83862965789
18.7583906808868,0.0987338102063539,202.053231104301
47.3734898376279,0.0217402630901637,481.124846100557
0.942145101726055,0.023758726968438,13.5236559632794
13.4976765606552,0.244575647918691,180.567459956562
1.23893773416057,0.205684052006129,49.1148899788296
31.810126802884,0.0760675807675059,325.950866766114
12.1541218482889,0.298155046511071,175.748114114905
37.6873179338872,0.297677952520338,430.74732313478
14.1036916291341,0.529420897728796,241.376556560095
41.6878837044351,0.489837051377772,523.968330072743
5.22900340147316,0.0959526294469666,68.3028700860491
25.5025538965128,0.0248396379245386,257.575864200173
30.9773190063424,0.095219156775513,331.687068481635
24.4797192397527,0.000167882694579669,254.027073213299
35.3031689999625,0.230050968527182,392.40732205526
44.5419342257082,0.0593445829368563,474.666161752022
24.9674975406379,0.0131364617194747,241.172164638879
37.1147106052376,0.147097240332168,392.639301217852
31.71349914046,0.305683745691864,360.874973690623
35.7025339035317,0.0493654237316722,362.550757573125
38.4941910160705,0.0988687381109291,409.11018654267
47.2450206405483,0.0629561518927967,483.834119221539
10.7959629036486,0.127686500719367,134.562621581722
35.6750742881559,0.00956043710403457,365.974367987037
45.7752028713003,0.094657247884877,466.783462941935
19.6038178168237,0.275081432708401,244.813185562714
11.2364761414938,0.368276386429392,178.805861250095
13.6353558395058,0.321143112242811,194.742885810694
1.61585402674973,0.528049127890015,111.301569263906
1.24542468693107,0.214478001775915,51.5369785718464
0.403558486141264,0.0399849051529989,11.2468633653834
30.5861923261546,0.129561545828032,344.026907836037
3.90159133821726,0.00100753097896471,38.9231990794143
30.7603694149293,0.16698350469929,340.330178669763
10.8304459718056,0.0117690755153945,109.631327339447
25.8201489108615,0.337488835892684,326.141903304554
29.7791548771784,0.0711243652506528,307.913972679946
23.0702869477682,0.0724983523628195,250.950225739522
4.71722283400595,0.0939688583355507,64.7896028273394
13.4231550968252,0.120949446759471,158.898599589852
31.5067604999058,0.0287915276029831,310.905321093937
14.0119528863579,0.0698251797873043,156.650890837742
46.7446755385026,0.301985936042013,511.368860377851
24.7112744604237,0.322492156701227,306.572193446854
0.700653402600437,0.50104749424855,97.3980455841287
38.4207935887389,0.186255941510286,406.678685840307
22.9283883469179,0.641653851256288,343.54377943185
37.7842496498488,0.154748042816484,405.932729987781
48.2712917611934,0.111853828689264,505.15427767911
1.14523209631443,0.0705651302661469,24.0882150716776
25.6629213341512,0.153044671889882,277.215978518116
2.1657997276634,0.195123271614403,57.1142381217357
14.4315685378388,0.126999260259427,163.670362463584
46.4111948036589,0.0264508420797294,462.860749597095
3.89530967222527,0.172222302090622,68.8663247127132
6.33053121855482,0.136106137775276,87.6207959992284
23.927544883918,0.359177494457973,308.586153679971
39.6015119506046,0.492054497618215,488.633276923996
24.0030516055413,0.00377928387422443,240.577428299279
45.8697557100095,0.0867833339297191,485.551754359479
17.6762362825684,0.0135221639410375,170.38678332497
29.9773814622313,0.0212929540835165,310.505109174158
19.9289398384281,0.150190081400968,229.16129150276
35.5903506744653,0.340340136023962,402.645310188219
24.9773494200781,0.407507100029744,321.875512972583
14.4139125011861,0.1898505125524,180.456265471155
27.4837886332534,0.00181075343212263,282.821032615452
43.6691888142377,0.0955015045846445,443.499524187803
2.42436106782407,0.0990288552385548,42.4084306619567
31.7939412314445,0.249640640173475,362.779516064203
21.0732988081872,0.40364093742017,288.487147111928
30.2161694853567,0.0914352892992299,313.966264518162
2.60228679981083,0.025798155676102,30.5943703035296
23.0667624738999,0.299466843771401,286.43495442307
44.4150274735875,0.0714144724542674,460.826095984249
42.7037219866179,0.0648961389226286,433.623794807485
0.365049368701875,0.408974487289851,77.2202487559972
42.6565560861491,0.17971397263331,463.158719399892
30.8202018844895,0.143727420005134,336.875355896353
3.15095119876787,0.391844130602495,101.558588197444
33.6023461306468,0.0255079364830435,342.348012887127
28.385156695731,0.20428732453172,317.390009707675
39.865258615464,0.000528062345966008,403.957662042384
26.7881906707771,0.005315158800797,262.452618869788
31.7583366646431,0.0153111421732555,317.787705119218
2.13917813962325,0.0855948312170335,37.2560085600692
23.949552513659,0.0350358513457232,239.371330962217
41.82067719521,0.00808678912514473,417.600197577956
24.4025919702835,0.338581340889023,295.671246132026
34.1181964729913,0.229052053253855,403.790490221034
16.5243949741125,0.0799317518252099,171.506390451686
43.5644319513813,0.273440903726292,488.166364375987
46.4158661430702,0.119004172512868,481.421562997547
40.8580016694032,0.0638805482948221,415.249999740634
36.5035015973262,0.269993157143042,422.81461598879
26.1952847591601,0.243031454367054,304.163251984384
36.3737414474599,0.0639646224901769,389.565555016915
25.1777356956154,0.12012415990645,274.349983545906
4.68943605665118,0.0356980562306312,54.2680353408564
15.2596565661952,0.00999214897975417,155.925798816348
1.83741471264511,0.158538367520318,47.2094928488361
10.0490192533471,0.173836693148494,131.909768552976
13.7068300973624,0.417709374540365,212.312378804632
16.5259159635752,0.237225008301987,211.301743684641
26.8654736457393,0.140630907916823,292.661543860951
27.7796303504147,0.0436467587619983,282.944128909896
14.8496359353885,0.508158048616235,234.986988804594
12.2833615052514,0.203253257649911,160.591248149463
0.117818603757769,0.114767842126232,21.805339582116
45.563444274012,0.661541266127163,572.709932935402
28.2179619302042,0.00506278636490614,279.038468764905
43.0553441867232,0.0856719949412259,455.385952670563
35.7824660371989,0.420541002122886,445.755120025745
5.94817050732672,0.0956118648836408,77.903299636588
18.9519899548031,0.0325770948108909,196.100782948003
45.8241955377162,0.282543186587129,509.028577858216
37.63489354169,0.0141373208556645,372.693351606773
39.1094344551675,0.202855381443829,420.791790056306
39.0247992821969,0.191681556430567,422.948634402087
43.5829505440779,0.444969238653194,517.171162711979
5.6631860206835,0.581546038231299,161.080112767921
2.65911099268124,0.00660847186562581,28.0431176279126
32.8751163324341,0.0179275044617851,336.444600726254
13.2456156890839,0.137740580350834,162.262902275255
21.4534699567594,0.268264646689977,261.660616158711
4.93653346784413,0.101138763830976,67.4537505336629
22.8234683629125,0.112680948440743,244.369306978735
21.8700661323965,0.0974612862524609,234.06869511059
40.994428016711,0.155410627273847,433.186576594164
31.4230717136525,0.0248352683549343,323.006396477878
5.7188227889128,0.18392172547341,91.3451481908752
17.3296844121069,0.057109676104185,180.682865625554
4.2765386402607,0.156208165290839,70.0260381668487
28.2675750320777,0.163611633216211,308.211716809225
3.04857188602909,0.269536618042602,79.079136145129
26.0884262621403,0.12510233945709,290.909567771852
19.9854077887721,0.029332584947144,209.125730080395
40.6187987653539,0.0621408572247839,425.815209513226
35.2112179039977,0.215698921657489,378.53503202037
39.7183591267094,0.0781274113384677,411.844588982536
26.139574253466,0.371561743746218,327.147100100282
39.2976034898311,0.0330316407230547,409.781459494989
15.5037758871913,0.792833169064905,307.11874042808
7.07070737844333,0.158647483719872,99.8314386433568
18.5339469695464,0.0882618195611282,201.985575602674
20.2443818328902,0.0928045855155297,222.303231088797
31.4415825530887,0.0661847699085906,327.790778900888
12.2195381089114,0.21693204787049,159.887145207426
24.0904809557833,0.252393400452172,275.297009726837
31.4960145158693,0.159749297148235,350.949434044069
24.9437981750816,0.0299216051905043,262.375384984756
9.8446145420894,0.0862789073174603,113.323174277891
47.5055063725449,0.273960608330687,537.629986444332
8.28392838593572,0.247589882680285,127.031992584765
43.3023956953548,0.0177280971632295,425.34746821026
23.0801417259499,0.340991134598077,291.877539044867
42.3856914509088,0.139979456823362,458.305191022383
9.66208329191431,0.039556917632367,104.270840479478
27.0596831105649,0.131277810187351,290.448657817343
9.8537179059349,0.229666546411468,141.389770374736
10.5695620062761,0.177548380411595,138.568494062722
36.158830835484,0.0970003170300474,381.345234108492
4.97580247465521,0.0955364406857318,68.3832970730501
47.2668154747225,0.221269041082945,524.068475809096
40.6693876953796,0.324019505483893,473.662133727054
6.47056294837967,0.000537681454835696,65.5941910544017
35.9125975170173,0.00648506643345212,372.088244304855
48.276017815806,0.0620470442461642,489.279219312339
27.6730863377452,0.323531480826599,335.356656017603
21.2465665186755,0.0833478548991641,224.473427146093
14.2911539063789,0.103503466271438,160.708239408209
34.1701434575953,0.163386529908113,374.801635951678
43.5866863583215,0.389536389850379,491.554806433471
47.2247081692331,0.0873155395270086,496.069867290994
4.59959678119048,0.116451862428897,68.8123446316908
14.199821674265,0.135817001832143,160.448808480706
40.1267408509739,0.0826473795450803,418.211279422777
35.3034740081057,0.153043154893512,385.221236779902
0.16531846486032,0.0164029915989583,4.57736465044852
16.1147123319097,0.177843352035373,189.674788725567
32.5005992664956,0.338076979158292,380.925120308489
29.735165683087,0.0619215148864472,311.266219227564
19.6612095809542,0.0312202754584057,201.927653422602
43.5790965217166,0.467189900492951,526.770654287581
22.1923265955411,0.289241955860162,275.28963286615
14.8157531046309,0.0527623001378443,153.451208012222
10.3752941591665,0.25161401882418,147.832584045374
38.3388337679207,0.286044459022768,433.081088686854
1.82855336461216,0.0590667547096745,29.0084820116458
28.5587950260378,0.0441076808915107,297.50204046321
49.3512413231656,0.184022016615149,535.429534637835
0.793678325135261,0.0082215881032511,9.66597202533528
23.2303252094425,0.173124600260556,267.588666903525
14.6833955077454,0.112359590260835,161.610331370246
3.42359084170312,0.163899518294927,65.0352164945744
14.6899459185079,0.0985563708579085,164.858745534311
1.29699889803305,0.173250992402808,44.0360202966751
16.287162352819,0.292830801407082,218.082352059562
8.8884336524643,0.0817896565262552,103.093779962465
5.10783778736368,0.330686335336684,110.105121055511
25.428408687003,0.0321130799648876,259.90743978089
30.9575823950581,0.418555604824717,392.445927050471
39.3023941898718,0.396365176522568,463.802867262208
26.5738836373203,0.0220188298455877,268.602870374567
24.5289091952145,0.0595476995960643,253.219054363884
2.15567720588297,0.0859590875303855,36.656760054339
45.3325562179089,0.281095728821305,506.5132450202
13.8787880074233,0.620418221160735,253.289423309049
45.5359846935607,0.0891236392804421,459.285240622287
27.5990247027948,0.262078893013962,309.190069592384
5.55975327733904,0.0236809093689927,58.9896331209923
21.414048189763,0.23086408084842,250.036275682923
3.55567361693829,0.105259391622832,54.8731712131688
36.7532911943272,0.00643399108201979,374.876309011518
46.2849775562063,0.0122686789955142,467.099482202868
10.6517454609275,0.0493118983069189,117.325630755816
22.41964408895,0.188919343317148,256.359156169531
43.7449978897348,0.187986172269018,478.113328826965
10.4493605555035,0.070764822047157,116.660970901046
9.39859113423154,0.0675415700411536,108.244094876454
0.603125558700413,0.376468677512471,73.7860490661918
40.1598473661579,0.0644837767923822,406.993071303709
31.5763138234615,0.476199971839282,404.26612837595
23.6755382153206,0.173161208197393,261.650912659723
29.0648167254403,0.00508196880630191,294.744743214884
33.230139722582,0.106452412300798,352.041986298891
1.5786494477652,0.0567198871288638,26.0578512883695
0.716290099080652,0.362430936137946,72.5798849336681
45.4599072923884,0.0692123694397406,456.136951117431
7.58273551473394,0.16065098341801,105.147692654141
47.1840240410529,0.274105308354311,516.333059712014
39.1398943029344,0.0239761469075039,385.759091967917
44.9284255621023,0.0795412467086873,457.664142895258
0.0129180960357189,0.170684222770275,30.8555660882561
10.6263334746473,0.166110949926963,138.22315728181
2.37309774383903,0.273273751977194,73.527765610991
32.3593895882368,0.205465672462091,358.294669359564
44.2609179764986,0.109116625305593,441.180361710982
34.448294294998,0.271591949079316,386.450460467605
9.61173508549109,0.131898559015296,124.060051607311
21.6509118210524,0.00959336985693357,222.634209488995
48.294420086313,0.0286700834832695,473.577803603455
11.9625834631734,0.0154232288759145,121.045562319708
21.5157613973133,0.244843225450838,263.138096257909
38.1594182807021,0.0508867564380258,376.521863853211
10.6070610578172,0.25862314137173,155.029699217794
29.7479431494139,0.281387629961617,342.871645331712
33.3005842170678,0.0396471821215775,339.753379283249
24.425130628515,0.341806155167309,308.128096229024
12.5027596834116,0.000799054698854746,124.643008530334
27.5640485109761,0.1076268771001,292.67377302975
20.1130871195346,0.1436161995458,224.345178757494
44.9941852479242,0.182428054630971,480.752824898543
40.4577477485873,0.0295022994603193,426.806999723753
48.4558189287782,0.128737770834093,527.739130259082
24.9733436270617,0.0100608769726306,254.913803428
1.58290788531303,0.146830915217174,42.4067839010334
45.4674102948047,0.0642301474656545,460.651309579267
5.44456290081143,0.0977248526221815,71.3136046553657
3.93454285804182,0.0281483011055161,43.9061215129385
14.7040897631086,0.235962735997168,190.45021827893
7.00570148183033,0.187442633713045,104.23360494016
18.887504551094,0.385777036617986,259.377160966468
47.947290178854,0.0408947306384293,485.985937061789
46.6996030183509,0.0180072257999942,464.225571013515
48.1180175207555,0.0445895191608699,505.251210225756
13.1197322509252,0.160144924995917,162.241350119193
26.1492342338897,0.05674012771737,266.192062079354
46.9167646835558,0.171621151937892,491.943562652951
46.5003004996106,0.268957710752688,504.545067606798
28.6373608163558,0.0215792992481501,295.484898467764
41.1176834953949,0.0577556848545344,424.174895225003
13.4267184301279,0.24827289350852,182.363839749093
15.5562327243388,0.0193239977754753,160.636636304227
13.0601562792435,0.287777904551589,182.761545929089
33.0475775757805,0.353432361230354,386.668933913228
33.149757119827,0.218018212211503,364.890219105931
45.7963008666411,0.0102896589513167,454.087106850575
22.8604935691692,0.0325348026307044,235.494977379242
25.9584100800566,0.0753876274819187,278.646391740002
45.9760368918069,0.0722711391260324,481.518548465725
26.9223248586059,0.109671267909234,288.784591822451
20.7791624008678,0.0194391437543995,217.705967464998
46.6700169607066,0.108455235790799,497.062323149903
47.1089017577469,0.10610910470563,479.336591953483
10.1074906648137,0.0770534075110491,116.203421133776
27.8802380198613,0.142826402523092,299.479749751536
48.5383947961964,0.320953623607706,545.185709807089
4.0280120796524,0.336608482488345,101.033211717744
29.7168934950605,0.00403840494892966,294.296043249028
7.87743087857962,0.442575556668201,158.03759722393
35.4870020993985,0.101798348360783,373.390328774973
46.3665772695094,0.149185896340695,487.717249374492
9.97672074008733,0.15981848122607,129.744636228518
48.1603868072852,0.171530478543846,518.651962879653
29.0717063122429,0.179298439467008,318.325867306774
26.7328953370452,0.0291044136204485,283.123618223427
14.3466543057002,0.0151501753280393,145.789412863382
34.8654519300908,0.177616070972608,385.089609903623
16.5794410742819,0.200938715750114,207.125877486979
28.534617787227,0.22844390412179,321.714011711982
37.8133441670798,0.102109012806106,386.238011011126
49.8330904869363,0.0434916242194159,508.186425240261
5.8867187355645,0.0693884989655602,72.7897212890632
27.8898748918436,0.0233106845312494,279.505916506892
25.6559616071172,0.0324391685585968,259.022738317871
37.0829903287813,0.113652389223744,391.709653113844
45.5435257172212,0.146992168885455,484.422401627216
49.9856960726902,0.0520983771991492,517.002734858529
5.2542960154824,0.425100349905827,128.24732249049
42.006548482459,0.0639126699562711,416.161934527911
26.4650990022346,0.331513069024497,319.646435718577
17.9508415516466,0.0331797229249141,183.502066809821
46.2106552673504,0.178319551222269,499.434702343284
19.3752447492443,0.128738773410869,212.421865429727
6.68013967806473,0.0677731685551256,79.6607925217017
13.9746987726539,0.0272220665629013,145.336132494625
13.2626795442775,0.0310183522304795,139.430487017812
4.6924815280363,0.0269637767378961,51.3943660793655
47.5389043451287,0.241269422310069,520.065185458053
32.9232334857807,0.14783045302396,343.30636423016
45.3584149247035,0.000766998851984866,458.789446133669
39.3197098048404,0.0981662702866745,406.178340157527
18.6397401848808,0.0308960591143562,194.508055234697
3.83831519866362,0.206933896082428,77.0202082355125
44.0007719327696,0.0672315958754757,442.110179078929
28.02135796519,0.0380206059343598,288.206003179685
18.6602218542248,0.155339026010735,210.015954854481
3.90843780478463,0.200479190112453,74.4848761305037
5.34160063834861,0.363966196383044,118.625572861951
24.0354805020615,0.137260768942903,264.596822360297
45.2186648035422,0.140667746358023,483.303180464703
44.8850760119967,0.0179398172820102,448.604715494903
48.4412912977859,0.355090058925846,548.18417669217
42.4779605586082,0.01287985271895,439.746340531072
29.7280763625167,0.301771616627005,351.210199186301
12.6772607094608,0.00907918143131096,128.781716731853
42.867905087769,0.0985638000303767,449.355524524387
45.501601183787,0.440685424393414,537.697965590596
12.8927751677111,0.207141528230754,168.444556143913
38.1359469145536,0.0121126879773391,384.062064624206
35.2242917637341,0.36801183188716,412.369676340697
11.4936170284636,0.154601354614097,146.489785943527
24.8279118561186,0.14733027204764,277.933029903607
28.4754499210976,0.393552964718914,351.422084116877
15.9297540900297,0.271448676311578,209.100259813183
46.9739395659417,0.260959960709856,515.358774305017
33.5448432946578,0.193755438745265,368.159606815173
33.3094950532541,0.109017475367108,353.288731313348
44.602500484325,0.0535746663650477,440.784246160043
5.67388006020337,0.146322502411325,83.2033966530538
37.008077383507,0.163586065583792,391.520260483133
15.3312610927969,0.0669323402017535,163.352250588514
45.4026536433958,0.102606540038448,465.137983020627
21.3012107415125,0.330230905651953,271.545547870754
40.5922195175663,0.480763809838642,478.183615033312
2.61765945469961,0.382080436178713,94.5547770323734
23.8576480303891,0.152247090381592,269.840996115126
43.0510276113637,0.0540463738853812,458.240072435862
2.59842828381807,0.0803862702446057,40.8085372008659
20.0005398597568,0.124932236632185,217.163118720523
32.055424246937,0.27252111525973,374.708989284954
8.04287828505039,0.101411852815502,100.300562854673
42.7266717772,0.19822386714884,469.275473553193
31.3977252226323,0.293213467888068,376.104982511545
6.12857333617285,0.292983466272462,114.269122662206
38.8877247693017,0.0955294338999589,397.150468352654
3.13657871447504,0.172751335534613,63.3854373368701
32.6472391141579,0.0264626506904681,337.110587185236
47.9175985674374,0.166940853330932,515.564089761516
46.1760401376523,0.0478964934600565,463.850338871055
13.9636140549555,0.386925124385499,208.40652590435
24.6892450377345,0.0282171253124456,247.393282898541
49.7497958713211,0.139988403642929,527.76489954884
43.6153429327533,0.0530005662960176,442.822480813688
28.4979778924026,0.28514215304132,342.794037856904
0.94729398842901,0.147869838193024,36.2669389805316
11.434062407352,0.00682585534718693,116.775602330421
38.5566408629529,0.0132968620752012,384.165760327371
25.0835369690321,0.112528039774663,266.087802871462
7.54091675626114,0.0316258202964811,77.9574780329873
38.754042587243,0.155010823691625,414.204641401651
36.266654508654,0.129235174069086,383.998737651188
35.9770777984522,0.451286121737878,446.767321483691
20.5766325583681,0.108561754760042,225.650409547104
4.39394585555419,0.121998223510178,66.1481912954266
5.95428560627624,0.30619921101852,113.986814980297
5.64924601931125,0.0944705134542133,71.8335193619106
5.60903578298166,0.131638807110456,80.3792808809542
5.50441994564608,0.242863327818516,98.9157924733365
0.21265713730827,0.0216578258692755,5.9599438987665
36.4721911028028,0.238813060615853,397.457343438652
7.53810604801401,0.187446634159788,109.715846866119
40.5455643776804,0.00232124249811381,408.274579467374
40.6795365270227,0.0412608646449119,417.902974885864
42.3903189250268,0.106843153992703,435.261740988057
8.52168397977948,0.000562641242483787,84.3100424736802
9.74528503138572,0.242885677792755,139.565913922426
41.8400876573287,0.125504984417012,437.086824288744
39.4679777091369,0.344178058069334,452.393414627081
44.1819231258705,0.213136393924407,481.285479065848
2.60443986626342,0.0116909201476147,27.6113433999033
36.8124672444537,0.476451147806831,437.968259406497
38.4134181309491,0.10300803364859,400.455265079986
28.7025892757811,0.109015499303311,300.27343575755
38.72007408645,0.0350688325172459,384.293489835031
44.7844731039368,0.193152799930946,476.897059729539
15.9458644222468,0.0233579810057713,165.632560614922
49.7374779544771,0.303098397750253,541.462470416326
49.624241841957,0.211185642813846,539.373897380783
23.6902292701416,0.043725924633842,249.708168686893
30.467507452704,0.382933754009863,368.818806110984
3.93682410940528,0.0490080578388237,47.2257401682132
46.6389933368191,0.225825964865219,513.308147691715
43.0399512406439,0.173317353783112,466.270652024693
4.80825641425326,0.147628707609436,74.5748416140126
43.3959751273505,0.286383329255147,481.617207968356
0.0458937371149659,0.0295370274118553,5.78139145157898
0.124507851433009,0.0749451865000371,14.680264556755
22.5887062260881,0.195139930480728,262.436632518895
19.1519193002023,0.273654393320966,237.298305618112
20.588856365066,0.318477752975468,255.674139091442
30.0634611514397,0.218913559113654,353.553710926544
14.5430663600564,0.13414581902374,166.309992285253
26.8096861313097,0.125488531346964,295.109608026097
14.2389177228324,0.590675547915508,246.577335253199
18.8468929729424,0.129705247886856,206.379992268335
31.6280284663662,0.332423880969908,372.538214725365
20.0800233520567,0.232249296508457,241.750223219792
37.9146111314185,0.0127910643298602,371.779134095932
29.2851709295064,0.219235217983276,324.879181038414
37.5589505303651,0.0715462074690481,395.206432830612
33.9780517155305,0.00538743923127643,343.762874851412
1.23364222235978,0.0855130476676095,27.8367664888643
49.1536584333517,0.0977241566122847,505.221507017488
3.43282843241468,0.0078493500625176,36.4132973927445
22.9939110809937,0.00669772047135004,230.251847774764
27.1299058571458,0.0375876111614544,273.378758820655
5.43834260897711,0.200597014960649,88.2794745022169
36.144635383971,0.253246535210905,402.152673348249
18.3878201176412,0.02338415637756,187.763487786234
46.8583372537978,0.193421886676435,499.774053216609
40.7222924055532,0.138803873351188,447.397092803436
0.408149929717183,0.454420996236726,85.8766116146187
26.8133678822778,0.0453637182233555,273.994561733685
13.2420240901411,0.00532143228668136,135.706507729176
9.22678043134511,0.108975289397046,110.08512746587
25.6419083802029,0.0443642580273224,267.311076162344
32.9788196715526,0.355898070740757,389.373533953983
39.9589064414613,0.0140984469389959,413.895842675005
49.157518800348,0.192262136643089,526.8622378113
29.3797272839583,0.0759676515782129,300.119578624642
31.7022395553067,0.0667836062075984,329.459633769813
48.9838145673275,0.128678537811748,506.480547854638
24.2218116065487,0.16427459690022,275.58317960121
15.3227579081431,0.0576892757150239,161.670747883756
9.82172481017187,0.120074400708674,116.862920847496
45.3486776794307,0.406784897079083,537.37448033859
31.8239495158195,0.0597766624461809,333.905314061252
17.5654778140597,0.170992079723617,203.617874067468
39.3108058371581,0.0942192838781164,410.757066861751
22.7436311426573,0.0473844413290249,235.851224414297
28.6258087144233,0.318591574494285,351.951926893051
11.7629005457275,0.194489363659239,150.46283863821
1.19363612029701,0.029307515451206,17.1774459637729
4.84073645202443,0.196106086754505,84.1240856901743
45.7379729487002,0.200446982277541,469.092909636124
25.1333153806627,0.418565455585072,319.432474043073
15.8784202882089,0.167470531882423,191.325766016343
35.0514792953618,0.223549723530203,389.032870850353
38.0161893088371,0.0583943432088296,388.414997523191
33.7338325916789,0.52690143043965,434.158674067661
32.4825237970799,0.00963770370642135,326.436826655061
36.0181648866273,0.100271390689354,376.393533858145
23.2320424634963,0.196649321153869,267.468434994501
25.4344616550952,0.0735434666052323,265.159674493172
45.5185471684672,0.044976751689138,451.650360958725
7.49111943878233,0.00505075597766026,75.0612471861573
43.1623548385687,0.000960520298662188,431.643585435524
2.62980930274352,0.167524584894111,56.1446867617335
0.390041770879179,0.0203551910586199,7.59447428978114
3.8398711127229,0.106637668547641,58.1261240521659
14.7669967496768,0.272378903245324,193.762458317117
7.77798576746136,0.246098406808403,119.893122553785
20.5405851593241,0.122125337207871,225.282505652785
48.2068736222573,0.106267421896593,503.049917453496
44.2524458980188,0.27858414361117,479.449729368913
9.2757199308835,0.184497945694904,127.887767825392
15.5496767954901,0.204707514711878,193.839474419189
35.2947430917993,0.29389854724265,399.880817968019
10.7832037378103,0.0869494280082077,122.463724390279
13.3600953966379,0.104114597094933,158.436566877918
9.15144380414858,0.308876178898667,141.801292502429
10.2880344842561,0.0543439429065715,110.28436738746
38.1730106426403,0.0230041056696684,388.840494335296
19.8754385579377,0.173001119002188,235.260447670422
38.8640070217662,0.113028059036715,402.24315647586
2.32747042318806,0.319424508934301,81.5273215392484
9.21968222828582,0.0017931550372155,90.0688065612311
39.6053816773929,0.13573127523237,435.055201311153
39.8752649431117,0.0515057272765232,413.585525899571
33.7440242874436,0.393581210313448,412.614927025198
32.6533283339813,0.0164959529792887,337.080230349895
11.7263921303675,0.203568716479897,155.974404391722
23.1286733527668,0.146210953567999,254.320168240051
2.49062507646158,0.0703188538487911,37.0112667193554
7.53948393976316,0.185902548827476,110.610294018753
3.53029100224376,0.256930895255448,81.964084250962
18.9752463484183,0.00208207480912745,195.514701496042
8.10973846819252,0.337241871769324,143.135968457072
48.6134784063324,0.00233057726758194,506.455690063241
39.8777495021932,0.225274096533788,438.367560242954
44.3953386740759,0.00832417694441551,431.603790013471
27.2372765350156,0.0960452864653771,288.006174324756
24.6801100554876,0.182113774475769,284.512868219848
25.5870015593246,0.111155177980455,279.406096424356
7.86467636935413,0.210232459415622,113.249575168921
31.1556255328469,0.0084077034561802,318.439977167065
22.4048078176565,0.316678577603083,280.586019370593
28.0631506349891,0.0124060898700313,290.998307976112
38.8174423249438,0.624217523479759,508.277088636739
6.66726474883035,0.0756176016289734,78.6793028184054
45.6933379871771,0.0478217962697947,455.645631592557
6.84045917587355,0.0832113864608656,83.7251757822375
19.1707022837363,0.00645891239740563,191.364014459189
32.475774618797,0.137495284993646,354.880077230708
21.1524572223425,0.254587337831909,254.253965720407
6.48580107372254,0.0612321811649908,75.6083058812422
29.9659324111417,0.0905439534780363,314.390619296778
7.13893353240564,0.106602806102588,92.5406590165153
29.9925784114748,0.100783163470776,320.192439628146
12.0952608413063,0.494296116289565,209.88922541199
29.3654836132191,0.0364451336643304,301.908551406878
15.6394862453453,0.0939296728797606,178.672819127145
17.8036657278426,0.0776535774907535,191.740879582779
22.1533875563182,0.0809680426636224,242.525557347017
35.1389340125024,0.183604464777279,398.162455752712
17.2890928923152,0.615280354778016,285.523691268179
27.7377820573747,0.406216239793221,359.704682766788
33.8217495707795,0.0554913099475162,350.715381786103
12.9831693135202,0.442300764143849,205.455528777278
13.8977818656713,0.0662414403256121,152.727326280358
15.8605554024689,0.209935886785392,197.127815422431
19.4432498654351,0.554111254752823,292.411924886826
25.5779253900982,0.00408970209491447,258.254436194697
28.2399325980805,0.041511772235315,288.688713701262
37.3735493165441,0.0363453336817217,386.108583962216
40.3300747973844,0.0283750234472239,413.911706113648
44.6627243189141,0.0325149075823114,442.391401299791
48.2669655350037,0.274925674377958,518.697715318715
22.2623548121192,0.342856965657719,291.420909985498
6.02196754189208,0.0960406980073982,78.1225082251127
28.2207136740908,0.0145399601714847,281.908759794009
9.87799181602895,0.185326945247378,130.743738729342
40.3900424600579,0.0134115956084389,399.719296963499
48.5533638391644,0.0379402745657051,489.58172192946
22.6932192104869,0.0208115451774645,231.480878635411
19.8318019742146,0.0622762616976932,211.343985829038
32.7702596317977,0.123154237960217,346.242999317153
3.99470444535837,0.0761559090307738,53.8016677143357
6.43069093348458,0.122812986641748,86.9577312723781
35.0626100902446,0.171747428179172,383.82672396668
31.2193793943152,0.155083121200983,340.030417540748
17.5673541030847,0.201461682258216,210.506092151363
19.7718511917628,0.121420852176859,220.725340351168
26.6592025989667,0.211759703189407,315.02837565692
10.4246138827875,0.00610058476883634,102.507441513802
27.5143375038169,0.182658057774875,297.843299737457
49.1815611952916,0.340420178158693,560.320172277501
39.1241611912847,0.305686769877581,444.357065723752
17.130167374853,0.0416997656258766,176.565472806797
42.1202870085835,0.0964474412158077,443.30899881277
4.13367201108485,0.202203065375493,78.448620030941
34.66768785147,0.440751852311884,416.036273424962
21.921667677816,0.229039141401479,256.392188134486
39.8995643598028,0.170759378489996,419.505292091119
12.3515680548735,0.232539070584782,167.132994068014
36.457526718732,0.0825690097288982,378.807600379373
47.0573175232857,0.421472003175037,561.085863720933
42.6731543149799,0.0591571252051844,426.879455973352
48.7519255140796,0.0457399676133253,501.175818766466
44.4401487475261,0.241439297232779,491.940113873747
38.5944776586257,0.171429203549436,405.482782723001
31.122969975695,0.289383416914878,364.239136049186
35.9062199131586,0.141079258612492,395.396122906248
1.36826899833977,0.115719180051948,34.1964433551383
47.1376031637192,0.308169647653001,521.814293398486
40.8579070353881,0.0658147147930763,421.241407799366
18.3349699364044,0.0511359031591246,189.737350098467
26.0640573338605,0.00287680753319068,256.864903911669
